bash-3.2/lib/readline/input.c->rl_get_char,1
bash-3.2/lib/readline/text.c->_rl_insert_next,1
bash-3.2/variables.c->push_func_var,1
bash-3.2/expr.c->expr_streval,1
bash-3.2/jobs.c->delete_job,1
bash-3.2/builtins/common.c->no_args,1
bash-3.2/builtins/common.c->get_working_directory,1
bash-3.2/variables.c->mk_env_string,1
bash-3.2/builtins/evalstring.c->parse_and_execute,4
bash-3.2/variables.c->assign_in_env,1
bash-3.2/subst.c->parameter_brace_expand_word,1
bash-3.2/findcmd.c->search_for_command,1
bash-3.2/jobs.c->compact_jobs_list,1
bash-3.2/variables.c->make_env_array_from_var_list,1
bash-3.2/lib/readline/input.c->_rl_unget_char,1
bash-3.2/variables.c->initialize_shell_variables,2
bash-3.2/lib/readline/misc.c->_rl_arg_dispatch,1
bash-3.2/expr.c->expcond,1
bash-3.2/lib/readline/display.c->_rl_move_cursor_relative,2
bash-3.2/lib/sh/getcwd.c->getcwd,1
bash-3.2/lib/sh/snprintf.c->pointer,1
bash-3.2/lib/readline/input.c->rl_gather_tyi,1
bash-3.2/make_cmd.c->make_redirection,1
bash-3.2/lib/sh/snprintf.c->vsnprintf_internal,1
bash-3.2/lib/readline/vi_mode.c->_rl_vi_callback_getchar,1
bash-3.2/version.c->show_shell_version,1
bash-3.2/lib/readline/vi_mode.c->_rl_vi_callback_char_search,1
bash-3.2/subst.c->glob_expand_word_list,1
bash-3.2/subst.c->dequote_escapes,1
bash-3.2/variables.c->push_exported_var,1
bash-3.2/lib/readline/vi_mode.c->rl_vi_char_search,1
bash-3.2/lib/readline/readline.c->_rl_dispatch_callback,1
bash-3.2/subst.c->command_substitute,2
bash-3.2/jobs.c->reset_job_indices,1
bash-3.2/lib/sh/snprintf.c->floating,1
bash-3.2/lib/readline/text.c->_rl_char_search,1
bash-3.2/subst.c->extract_dollar_brace_string,1
bash-3.2/lib/readline/vi_mode.c->rl_vi_domove,1
bash-3.2/lib/readline/vi_mode.c->_rl_vi_set_mark,1
bash-3.2/subst.c->parameter_brace_patsub,2
bash-3.2/lib/readline/display.c->update_line,5
bash-3.2/lib/readline/display.c->rl_redisplay,3
bash-3.2/lib/readline/input.c->rl_stuff_char,1
bash-3.2/jobs.c->wait_for,1
bash-3.2/lib/readline/isearch.c->_rl_isearch_dispatch,1
bash-3.2/lib/readline/vi_mode.c->_rl_vi_goto_mark,1
bash-3.2/variables.c->make_variable_value,1
bash-3.2/expr.c->expr_unwind,1
bash-3.2/subst.c->expand_prompt_string,1
bash-3.2/lib/sh/snprintf.c->exponent,1
bash-3.2/lib/readline/vi_mode.c->rl_vi_change_char,1
bash-3.2/execute_cmd.c->execute_command_internal,2
bash-3.2/copy_cmd.c->copy_redirect,1
bash-3.2/subst.c->string_list_dollar_at,1
bash-3.2/subst.c->read_comsub,1
bash-3.2/subst.c->quote_escapes,1
bash-3.2/subst.c->exp_jump_to_top_level,2
bash-3.2/subst.c->parameter_brace_remove_pattern,1
bash-3.2/execute_cmd.c->execute_simple_command,1
bash-3.2/subst.c->parameter_brace_substring,1
bash-3.2/lib/sh/snprintf.c->number,1
bash-3.2/pathexp.c->quote_string_for_globbing,1
bash-3.2/lib/sh/snprintf.c->numtoa,1
bash-3.2/lib/readline/vi_mode.c->_rl_vi_callback_change_char,1
bash-3.2/execute_cmd.c->initialize_subshell,1
bash-3.2/lib/readline/complete.c->get_y_or_n,1
bash-3.2/builtins/common.c->get_numeric_arg,1
bash-3.2/expr.c->evalexp,1
bash-3.2/lib/readline/display.c->rl_expand_prompt,1
